dateID,documentOrd,srcLink
20210312,1,https://www.ilgiornaledivicenza.it/filedelivery/policy:7.3115749:1615553213/Report%20informatizzato_20210312_ore8.pdf
20210311,1,https://www.ilgiornaledivicenza.it/filedelivery/policy:7.3114217:1615465240/Report%20informatizzato_20210311_ore8.pdf
20210310,2,https://www.ilgiornaledivicenza.it/filedelivery/policy:7.3113350:1615396400/Report%20informatizzato_20210310_ore17.pdf
20210310,1,https://www.ilgiornaledivicenza.it/filedelivery/policy:7.3112958:1615379789/Report%20informatizzato_20210310_ore8.pdf
20210309,2,https://www.ilgiornaledivicenza.it/filedelivery/policy:7.3112167:1615311642/405-2021%20Report%20informatizzato_20210309_ore17.pdf
20210309,1,https://www.ilgiornaledivicenza.it/filedelivery/policy:7.3111665:1615292015/Report%20informatizzato_20210309_ore8.pdf
20210308,1,https://www.ilgiornaledivicenza.it/filedelivery/policy:7.3110549:1615205554/Report%20informatizzato_20210308_ore8.pdf
20210307,2,https://www.ilgiornaledivicenza.it/filedelivery/policy:7.3109879:1615138086/Report%20informatizzato_20210307_ore17.pdf
20210307,1,https://www.ilgiornaledivicenza.it/filedelivery/policy:7.3109526:1615108918/Report%20informatizzato_20210307_ore8.pdf
20210306,2,https://www.ilgiornaledivicenza.it/filedelivery/policy:7.3108987:1615049140/Report%20informatizzato_20210306_ore17.pdf
20210306,1,https://www.ilgiornaledivicenza.it/filedelivery/policy:7.3108658:1615034501/Report%20informatizzato_20210306_ore8.pdf
20210305,2,https://www.ilgiornaledivicenza.it/filedelivery/policy:7.3107931:1614966773/376-2021%20Report%20informatizzato_20210305_ore17.pdf
20210305,1,https://www.ilgiornaledivicenza.it/filedelivery/policy:7.3107315:1614948825/372-2021%20Report%20informatizzato_20210305_ore8.pdf
20210304,2,https://www.ilgiornaledivicenza.it/filedelivery/policy:7.3106376:1614875689/Report%20informatizzato_20210304_ore17.pdf
20210304,1,https://www.ilgiornaledivicenza.it/filedelivery/policy:7.3105789:1614858358/Report%20informatizzato_20210304_ore8.pdf
20210303,2,https://www.ilgiornaledivicenza.it/filedelivery/policy:7.3104919:1614790330/Report%20informatizzato_20210303_ore17.pdf
20210303,1,https://www.ilgiornaledivicenza.it/filedelivery/policy:7.3104382:1614775861/Report%20informatizzato_20210303_ore8.pdf
20210302,2,https://www.ilgiornaledivicenza.it/filedelivery/policy:7.3103400:1614704238/Report%20informatizzato_20210302_ore17.pdf
20210302,1,https://www.ilgiornaledivicenza.it/filedelivery/policy:7.3102872:1614687979/Report%20informatizzato_20210302_ore8%202.pdf
20210301,1,https://www.ilgiornaledivicenza.it/filedelivery/policy:7.3101502:1614598893/Report%20informatizzato_20210301_ore8.pdf
20210228,2,https://www.ilgiornaledivicenza.it/filedelivery/policy:7.3100869:1614531836/Report%20informatizzato_20210228_ore17.pdf
20210228,1,https://www.ilgiornaledivicenza.it/filedelivery/policy:7.3100577:1614504822/Report%20informatizzato_20210228_ore8.pdf
20210227,2,https://www.ilgiornaledivicenza.it/filedelivery/policy:7.3099988:1614444793/Report%20informatizzato_20210227_ore17.pdf
20210227,1,https://www.ilgiornaledivicenza.it/filedelivery/policy:7.3099470:1614416962/Report%20informatizzato_20210227_ore8.pdf
20210226,1,https://www.ilgiornaledivicenza.it/filedelivery/policy:7.3098252:1614342934/Report%20informatizzato_20210226_ore8%202.pdf
20210225,2,https://www.ilgiornaledivicenza.it/filedelivery/policy:7.3097607:1614275531/Report%20informatizzato_20210225_ore17.pdf
20210225,1,https://www.ilgiornaledivicenza.it/filedelivery/policy:7.3097095:1614258146/Report%20informatizzato_20210225_ore8.pdf
20210224,2,https://www.ilgiornaledivicenza.it/filedelivery/policy:7.3096155:1614184024/Report%20informatizzato_20210224_ore17.pdf
20210224,1,https://www.ilgiornaledivicenza.it/filedelivery/policy:7.3095777:1614171430/Report%20informatizzato_20210224_ore8_v2.pdf
20210223,2,https://www.ilgiornaledivicenza.it/filedelivery/policy:7.3094969:1614099680/Report%20informatizzato_20210223_ore17.pdf
20210223,1,https://www.ilgiornaledivicenza.it/filedelivery/policy:7.3094383:1614082703/Report%20informatizzato_20210223_ore8.pdf
20210222,2,https://www.ilgiornaledivicenza.it/filedelivery/policy:7.3093811:1614023006/Report%20informatizzato_20210222_ore17.pdf
20210222,1,https://www.ilgiornaledivicenza.it/filedelivery/policy:7.3092980:1613995820/Report%20informatizzato_20210222_ore8.pdf
20210221,2,https://www.ilgiornaledivicenza.it/filedelivery/policy:7.3092319:1613927876/21%20ore17.pdf
20210221,1,https://www.ilgiornaledivicenza.it/filedelivery/policy:7.3092088:1613911808/Report%20informatizzato_20210221_ore8.pdf
20210220,2,https://www.ilgiornaledivicenza.it/filedelivery/policy:7.3091370:1613838634/Report%2077.pdf
20210220,1,https://www.ilgiornaledivicenza.it/filedelivery/policy:7.3090902:1613821293/Report%20informatizzato_20210220_ore8.pdf
20210219,2,https://www.ilgiornaledivicenza.it/filedelivery/policy:7.3090146:1613756965/Report%20informatizzato_20210219_ore17.pdf
20210219,1,https://www.ilgiornaledivicenza.it/filedelivery/policy:7.3089551:1613736122/Report%20informatizzato_20210219_ore8.pdf
20210218,2,https://www.ilgiornaledivicenza.it/filedelivery/policy:7.3088576:1613664189/Report%2076.pdf
20210218,1,https://www.ilgiornaledivicenza.it/filedelivery/policy:7.3088192:1613652396/1613633679300_Report.pdf
20210217,2,https://www.ilgiornaledivicenza.it/filedelivery/policy:7.3087323:1613578949/Report%2075.pdf
20210217,1,https://www.ilgiornaledivicenza.it/filedelivery/policy:7.3086886:1613564814/Report%2074.pdf
20210216,3,https://www.ilgiornaledivicenza.it/filedelivery/policy:7.3044725:1610541823/Report%20111.pdf
20210216,2,https://www.ilgiornaledivicenza.it/filedelivery/policy:7.3085956:1613491619/Covid%20casi%20e%20ricoveri%20Report.pdf
20210216,1,https://www.ilgiornaledivicenza.it/filedelivery/policy:7.3085736:1613478820/Report%2073.pdf
20210215,2,https://www.ilgiornaledivicenza.it/filedelivery/policy:7.3084882:1613406942/Report%2071.pdf
20210215,1,https://www.ilgiornaledivicenza.it/filedelivery/policy:7.3084462:1613394653/Report%20(21).pdf
20210214,2,https://www.ilgiornaledivicenza.it/filedelivery/policy:7.3083642:1613320854/Report%2069.pdf
20210214,1,https://www.ilgiornaledivicenza.it/filedelivery/policy:7.3083419:1613303841/Report%2068.pdf
20210213,2,https://www.ilgiornaledivicenza.it/filedelivery/policy:7.3082874:1613235084/Report%2067.pdf
20210213,1,https://www.ilgiornaledivicenza.it/filedelivery/policy:7.3082544:1613209116/Report%2066.pdf
20210212,2,https://www.ilgiornaledivicenza.it/filedelivery/policy:7.3081991:1613152327/Report%2065.pdf
20210212,1,https://www.ilgiornaledivicenza.it/filedelivery/policy:7.3081487:1613131645/Report%2064%20(1).pdf
20210211,2,https://www.ilgiornaledivicenza.it/filedelivery/policy:7.3080745:1613065013/Report%20(18).pdf
20210211,1,https://www.ilgiornaledivicenza.it/filedelivery/policy:7.3080221:1613044135/Report.pdf
20210210,2,https://www.ilgiornaledivicenza.it/filedelivery/policy:7.3079257:1612974002/Report%20(16).pdf
20210210,1,https://www.ilgiornaledivicenza.it/filedelivery/policy:7.3078946:1612957447/Report%20152.pdf
20210209,2,https://www.ilgiornaledivicenza.it/filedelivery/policy:7.3078162:1612889011/Report%20151.pdf
20210209,1,https://www.ilgiornaledivicenza.it/filedelivery/policy:7.3077725:1612874977/Report%20informatizzato_20210209_ore8.pdf
20210208,2,https://www.ilgiornaledivicenza.it/filedelivery/policy:7.3076900:1612803878/Report%20150.pdf
20210208,1,https://www.ilgiornaledivicenza.it/filedelivery/policy:7.3076353:1612786230/Report%20149.pdf
20210207,2,https://www.ilgiornaledivicenza.it/filedelivery/policy:7.3075649:1612714180/Report%20148.pdf
20210207,1,https://www.ilgiornaledivicenza.it/filedelivery/policy:7.3075369:1612694319/Report%20(9).pdf
20210206,2,https://www.ilgiornaledivicenza.it/filedelivery/policy:7.3074818:1612629971/166-2021%20Report%20(1).pdf
20210206,1,https://www.ilgiornaledivicenza.it/filedelivery/policy:7.3074471:1612611876/162-2021%20Report%20146.pdf
20210205,2,https://www.ilgiornaledivicenza.it/filedelivery/policy:7.3073659:1612545061/Report%20(7).pdf
20210205,1,https://www.ilgiornaledivicenza.it/filedelivery/policy:7.3073178:1612527746/Report%20(6).pdf
20210204,2,https://www.ilgiornaledivicenza.it/filedelivery/policy:7.3072326:1612459537/Report%20143.pdf
20210204,1,https://www.ilgiornaledivicenza.it/filedelivery/policy:7.3071639:1612442179/Report%20(4).pdf
20210203,2,https://www.ilgiornaledivicenza.it/filedelivery/policy:7.3071473:1612428756/Report%20(3)%20(1).pdf
20210203,1,https://www.ilgiornaledivicenza.it/filedelivery/policy:7.3070379:1612358217/Report%20142.pdf
20210202,1,https://www.ilgiornaledivicenza.it/filedelivery/policy:7.3069060:1612270761/Report%20140.pdf
20210201,2,https://www.ilgiornaledivicenza.it/filedelivery/policy:7.3068297:1612200451/Report%20139%20(1).pdf
20210201,1,https://www.ilgiornaledivicenza.it/filedelivery/policy:7.3067712:1612179658/Report%20138.pdf
20210131,2,https://www.ilgiornaledivicenza.it/filedelivery/policy:7.3067116:1612113458/Report%20137.pdf
20210131,1,https://www.ilgiornaledivicenza.it/filedelivery/policy:7.3066785:1612088851/Report%20136.pdf
20210130,2,https://www.ilgiornaledivicenza.it/filedelivery/policy:7.3066213:1612023607/Report%20134.pdf
20210130,1,https://www.ilgiornaledivicenza.it/filedelivery/policy:7.3065850:1612004002/Report%20133.pdf
20210129,2,https://www.ilgiornaledivicenza.it/filedelivery/policy:7.3065013:1611936648/Report%20132.pdf
20210129,1,https://www.ilgiornaledivicenza.it/filedelivery/policy:7.3064628:1611924470/Report%20131.pdf
20210128,2,https://www.ilgiornaledivicenza.it/filedelivery/policy:7.3063519:1611850510/Report%20130.pdf
20210128,1,https://www.ilgiornaledivicenza.it/filedelivery/policy:7.3063237:1611837852/Report%20129.pdf
20210127,2,https://www.ilgiornaledivicenza.it/filedelivery/policy:7.3062380:1611767363/Report%20128.pdf
20210127,1,https://www.ilgiornaledivicenza.it/filedelivery/policy:7.3061876:1611747739/Report%20127.pdf
20210126,2,https://www.ilgiornaledivicenza.it/filedelivery/policy:7.3061015:1611681547/Report%20informatizzato_20210126_ore17.pdf
20210126,1,https://www.ilgiornaledivicenza.it/filedelivery/policy:7.3060475:1611665089/Report%20126.pdf
20210125,2,https://www.ilgiornaledivicenza.it/filedelivery/policy:7.3059603:1611595996/Report%20125.pdf
20210125,1,https://www.ilgiornaledivicenza.it/filedelivery/policy:7.3059185:1611576741/Report%20124.pdf
20210124,2,https://www.ilgiornaledivicenza.it/filedelivery/policy:7.3058380:1611506997/Report%20123.pdf
20210124,1,https://www.ilgiornaledivicenza.it/filedelivery/policy:7.3058171:1611489424/Report%20122.pdf
20210123,2,https://www.ilgiornaledivicenza.it/filedelivery/policy:7.3057560:1611418500/Report%20121.pdf
20210123,1,https://www.ilgiornaledivicenza.it/filedelivery/policy:7.3057190:1611393162/Report%20120.pdf
20210122,2,https://www.ilgiornaledivicenza.it/filedelivery/policy:7.3056337:1611333288/Report%20119.pdf
20210122,1,https://www.ilgiornaledivicenza.it/filedelivery/policy:7.3055953:1611318116/Report%20118.pdf
20210121,1,https://www.ilgiornaledivicenza.it/filedelivery/policy:7.3055117:1611246005/Report%20117.pdf
20210120,2,https://www.ilgiornaledivicenza.it/filedelivery/policy:7.3053981:1611160668/Report%20115.pdf
20210120,1,https://www.ilgiornaledivicenza.it/filedelivery/policy:7.3053619:1611147047/Report%20114.pdf
20210119,2,https://www.ilgiornaledivicenza.it/filedelivery/policy:7.3052759:1611079043/Report%20113.pdf
20210119,1,https://www.ilgiornaledivicenza.it/filedelivery/policy:7.3052099:1611057157/Report%20informatizzato_20210119_ore8.pdf
20210118,2,https://www.ilgiornaledivicenza.it/filedelivery/policy:7.3051201:1610988096/Report%20informatizzato_20210118_ore17.pdf
20210118,1,https://www.ilgiornaledivicenza.it/filedelivery/policy:7.3050740:1610972920/Report%20informatizzato_20210118_ore8.pdf
20210117,2,https://www.ilgiornaledivicenza.it/filedelivery/policy:7.3050006:1610907468/Report_informatizzato_20210117_ore17.pdf
20210117,1,https://www.ilgiornaledivicenza.it/filedelivery/policy:7.3049527:1610877092/Report_informatizzato_20210117_ore8.pdf
20210116,2,https://www.ilgiornaledivicenza.it/filedelivery/policy:7.3049066:1610825123/Report_informatizzato_20210116_ore19.pdf
20210116,1,https://www.ilgiornaledivicenza.it/filedelivery/policy:7.3048485:1610799767/Report_informatizzato_20210116_ore8(2)%20(1).pdf
20210115,1,https://www.ilgiornaledivicenza.it/filedelivery/policy:7.3048086:1610744679/Report%20informatizzato_20210115_ore17_confronto%20con%2020210114_ore8%20(1).pdf
20210114,1,https://www.ilgiornaledivicenza.it/filedelivery/policy:7.3045953:1610628288/Report%20informatizzato_20210114_ore8.pdf
20210113,2,https://www.ilgiornaledivicenza.it/filedelivery/policy:7.3045215:1610561418/Report%20112.pdf
20210113,1,https://www.ilgiornaledivicenza.it/filedelivery/policy:7.3044725:1610541823/Report%20111.pdf
20210111,2,https://www.ilgiornaledivicenza.it/filedelivery/policy:7.3042563:1610388693/Report%20108.pdf
20210111,1,https://www.ilgiornaledivicenza.it/filedelivery/policy:7.3042073:1610369040/Report%20107.pdf
20210110,2,https://www.ilgiornaledivicenza.it/filedelivery/policy:7.3041355:1610300146/Report%20106.pdf
20210110,1,https://www.ilgiornaledivicenza.it/filedelivery/policy:7.3041014:1610278869/Report%20105.pdf
20210109,2,https://www.ilgiornaledivicenza.it/filedelivery/policy:7.3040413:1610211831/Report%20104.pdf
20210109,1,https://www.ilgiornaledivicenza.it/filedelivery/policy:7.3039966:1610183477/Report%20103.pdf
20210108,2,https://www.ilgiornaledivicenza.it/filedelivery/policy:7.3039362:1610127507/Report%20102.pdf
20210108,1,https://www.ilgiornaledivicenza.it/filedelivery/policy:7.3038927:1610109826/Report%20101.pdf
20210107,2,https://www.ilgiornaledivicenza.it/filedelivery/policy:7.3038057:1610037881/Report%20100.pdf
20210107,1,https://www.ilgiornaledivicenza.it/filedelivery/policy:7.3037683:1610022214/Report%2099.pdf
20210106,2,https://www.ilgiornaledivicenza.it/filedelivery/policy:7.3036807:1609951822/Report%2098.pdf
20210106,1,https://www.ilgiornaledivicenza.it/filedelivery/policy:7.3036376:1609926888/Report%2097.pdf
20210105,2,https://www.ilgiornaledivicenza.it/filedelivery/policy:7.3035644:1609866272/Report%2096.pdf
20210105,1,https://www.ilgiornaledivicenza.it/filedelivery/policy:7.3035229:1609849847/Report%2095.pdf
20210104,2,https://www.ilgiornaledivicenza.it/filedelivery/policy:7.3034347:1609778240/Report%2094.pdf
20210104,1,https://www.ilgiornaledivicenza.it/filedelivery/policy:7.3034032:1609766786/Report%2093.pdf
20210103,2,https://www.ilgiornaledivicenza.it/filedelivery/policy:7.3033354:1609692146/Report%2092.pdf
20210103,1,https://www.ilgiornaledivicenza.it/filedelivery/policy:7.3033087:1609666032/Report%2091.pdf
20210102,2,https://www.ilgiornaledivicenza.it/filedelivery/policy:7.3032652:1609610144/1609608888781_Report.pdf
20210102,1,https://www.ilgiornaledivicenza.it/filedelivery/policy:7.3032157:1609579388/Report%2090.pdf
20210101,2,https://www.ilgiornaledivicenza.it/filedelivery/policy:7.3031840:1609528420/Report%2089.pdf
20210101,1,https://www.ilgiornaledivicenza.it/filedelivery/policy:7.3031448:1609500086/Report%2088.pdf
20201231,1,https://www.ilgiornaledivicenza.it/filedelivery/policy:7.3030781:1609407028/Report%2086.pdf
20201230,1,https://www.ilgiornaledivicenza.it/filedelivery/policy:7.3030153:1609351290/Report%2085.pdf
20201229,2,https://www.ilgiornaledivicenza.it/filedelivery/policy:7.3028943:1609260980/Report%2083.pdf
20201229,1,https://www.ilgiornaledivicenza.it/filedelivery/policy:7.3028667:1609250421/Report_29_12_2020_ore_08.pdf
20201228,2,https://www.ilgiornaledivicenza.it/filedelivery/policy:7.3027843:1609180039/Report%2082.pdf
20201228,1,https://www.ilgiornaledivicenza.it/filedelivery/policy:7.3027281:1609159280/Report%2081.pdf
20201227,1,https://www.ilgiornaledivicenza.it/filedelivery/policy:7.3026178:1609065146/Report%2078.pdf
20201226,2,https://www.ilgiornaledivicenza.it/filedelivery/policy:7.3025736:1609002482/Report%2077.pdf
20201226,1,https://www.ilgiornaledivicenza.it/filedelivery/policy:7.3025460:1608985641/Report%2076.pdf
20201225,2,https://www.ilgiornaledivicenza.it/filedelivery/policy:7.3025161:1608917629/Report%2075.pdf
20201225,1,https://www.ilgiornaledivicenza.it/filedelivery/policy:7.3025162:1608917673/Report%2074.pdf
20201224,1,https://www.ilgiornaledivicenza.it/filedelivery/policy:7.3024706:1608838048/Report%2073.pdf
20201223,2,https://www.ilgiornaledivicenza.it/filedelivery/policy:7.3023649:1608751327/Report%2071.pdf
20201223,1,https://www.ilgiornaledivicenza.it/filedelivery/policy:7.3023201:1608729159/Report%2070.pdf
20201222,2,https://www.ilgiornaledivicenza.it/filedelivery/policy:7.3022554:1608667504/Report%20informatizzato_20201222_ore17.pdf
20201222,1,https://www.ilgiornaledivicenza.it/filedelivery/policy:7.3021881:1608640734/Report%2069.pdf
20201221,2,https://www.ilgiornaledivicenza.it/filedelivery/policy:7.3021301:1608577023/Report%2068.pdf
20201221,1,https://www.ilgiornaledivicenza.it/filedelivery/policy:7.3020694:1608553355/Report%2067.pdf
20201220,2,https://www.ilgiornaledivicenza.it/filedelivery/policy:7.3020052:1608492314/Report%2066.pdf
20201220,1,https://www.ilgiornaledivicenza.it/filedelivery/policy:7.3019718:1608458798/Report%2065%20(1).pdf
20201219,2,https://www.ilgiornaledivicenza.it/filedelivery/policy:7.3019107:1608396216/Report%2064.pdf
20201219,1,https://www.ilgiornaledivicenza.it/filedelivery/policy:7.3018758:1608379424/Report%2063.pdf
20201218,2,https://www.ilgiornaledivicenza.it/filedelivery/policy:7.3018265:1608317252/Report%2062%20(1).pdf
20201218,1,https://www.ilgiornaledivicenza.it/filedelivery/policy:7.3017706:1608295680/Report%20informatizzato_20201218_ore8.pdf
20201217,2,https://www.ilgiornaledivicenza.it/filedelivery/policy:7.3016969:1608232199/Report%2061.pdf
20201217,1,https://www.ilgiornaledivicenza.it/filedelivery/policy:7.3016363:1608209074/Report%2060.pdf
20201216,2,https://www.ilgiornaledivicenza.it/filedelivery/policy:7.3015587:1608145098/Report%2059%20(1).pdf
20201216,1,https://www.ilgiornaledivicenza.it/filedelivery/policy:7.3014992:1608122252/Report%2058.pdf
20201215,2,https://www.ilgiornaledivicenza.it/filedelivery/policy:7.3014153:1608051215/Report%2057.pdf
20201215,1,https://www.ilgiornaledivicenza.it/filedelivery/policy:7.3013877:1608036686/Report%2056.pdf
20201214,2,https://www.ilgiornaledivicenza.it/filedelivery/policy:7.3013132:1607966334/Report%2055.pdf
20201214,1,https://www.ilgiornaledivicenza.it/filedelivery/policy:7.3012716:1607949474/Report%2054.pdf
20201213,2,https://www.ilgiornaledivicenza.it/filedelivery/policy:7.3012076:1607886498/Report%2053.pdf
20201213,1,https://www.ilgiornaledivicenza.it/filedelivery/policy:7.3011874:1607870543/Report%2052%20(2)_13152048.pdf
20201212,2,https://www.ilgiornaledivicenza.it/filedelivery/policy:7.3011071:1607793947/Report%2051.pdf
20201212,1,https://www.ilgiornaledivicenza.it/filedelivery/policy:7.3010599:1607776873/Report%2050.pdf
20201211,2,https://www.ilgiornaledivicenza.it/filedelivery/policy:7.3009927:1607707246/Report%2049.pdf
20201211,1,https://www.ilgiornaledivicenza.it/filedelivery/policy:7.3009413:1607690713/Report%2048.pdf
20201210,2,https://www.ilgiornaledivicenza.it/filedelivery/policy:7.3008886:1607628159/Report%2047%20(1).pdf
20201210,1,https://www.ilgiornaledivicenza.it/filedelivery/policy:7.3008161:1607604197/Report%2046.pdf
20201209,2,https://www.ilgiornaledivicenza.it/filedelivery/policy:7.3007429:1607541634/Report_DEF_09122020_1700%20(1).pdf
20201209,1,https://www.ilgiornaledivicenza.it/filedelivery/policy:7.3006767:1607516862/Report%2045.pdf
20201208,2,https://www.ilgiornaledivicenza.it/filedelivery/policy:7.3006254:1607450949/Report%2043.pdf
20201208,1,https://www.ilgiornaledivicenza.it/filedelivery/policy:7.3005769:1607418684/Report%2042%20(1).pdf
20201207,2,https://www.ilgiornaledivicenza.it/filedelivery/policy:7.3005260:1607364925/Report%2041.pdf
20201207,1,https://www.ilgiornaledivicenza.it/filedelivery/policy:7.3004756:1607345288/Report%2040.pdf
20201206,2,https://www.ilgiornaledivicenza.it/filedelivery/policy:7.3004151:1607275898/Report%2039.pdf
20201206,1,https://www.ilgiornaledivicenza.it/filedelivery/policy:7.3003864:1607255873/Report%2038.pdf
20201205,2,https://www.ilgiornaledivicenza.it/filedelivery/policy:7.3003096:1607186345/Report%2037.pdf
20201205,1,https://www.ilgiornaledivicenza.it/filedelivery/policy:7.3002873:1607173286/Report%2036.pdf
20201204,2,https://www.ilgiornaledivicenza.it/filedelivery/policy:7.3002106:1607106057/Report%2035.pdf
20201204,1,https://www.ilgiornaledivicenza.it/filedelivery/policy:7.3001575:1607085555/Report%2033.pdf
20201203,1,https://www.ilgiornaledivicenza.it/filedelivery/policy:7.3000674:1607014129/Report%2032.pdf
20201202,2,https://www.ilgiornaledivicenza.it/filedelivery/policy:7.2999486:1606927704/Report%2029.pdf
20201202,1,https://www.ilgiornaledivicenza.it/filedelivery/policy:7.2999090:1606913422/Report%2028.pdf
20201201,2,https://www.ilgiornaledivicenza.it/filedelivery/policy:7.2998142:1606840530/Report%2027.pdf
20201201,1,https://www.ilgiornaledivicenza.it/filedelivery/policy:7.2997788:1606826301/Report%20informatizzato_20201201_ore8.pdf
20201130,2,https://www.ilgiornaledivicenza.it/filedelivery/policy:7.2997103:1606760815/Report%2026.pdf
20201130,1,https://www.ilgiornaledivicenza.it/filedelivery/policy:7.2996360:1606738772/Report%2025.pdf
20201129,2,https://www.ilgiornaledivicenza.it/filedelivery/policy:7.2995714:1606672933/Report%2024.pdf
20201129,1,https://www.ilgiornaledivicenza.it/filedelivery/policy:7.2995288:1606645885/Report%2023.pdf
20201128,2,https://www.ilgiornaledivicenza.it/filedelivery/policy:7.2994863:1606588903/Report%2022.pdf
20201128,1,https://www.ilgiornaledivicenza.it/filedelivery/policy:7.2994362:1606568105/Report%2021%20(1).pdf
20201127,2,https://www.ilgiornaledivicenza.it/filedelivery/policy:7.2993546:1606495574/Report%2020.pdf
20201127,1,https://www.ilgiornaledivicenza.it/filedelivery/policy:7.2993186:1606480750/Report%2019.pdf
20201126,2,https://www.ilgiornaledivicenza.it/filedelivery/policy:7.2992289:1606410523/Report%2018.pdf
20201126,1,https://www.ilgiornaledivicenza.it/filedelivery/policy:7.2991810:1606393012/Report%2017.pdf
20201125,2,https://www.ilgiornaledivicenza.it/filedelivery/policy:7.2990973:1606393067/report_20201125_ore1700.pdf
20201125,1,https://www.ilgiornaledivicenza.it/filedelivery/policy:7.2990386:1606308053/Report_20201125_ore800.pdf
20201124,2,https://www.ilgiornaledivicenza.it/filedelivery/policy:7.2989552:1606235822/Report%20informatizzato_20201124_ore%2017.pdf
20201124,1,https://www.ilgiornaledivicenza.it/filedelivery/policy:7.2989267:1606222190/Report%20informatizzato_20201124_ore%208.pdf
20201123,2,https://www.ilgiornaledivicenza.it/filedelivery/policy:7.2988355:1606151899/Report%2016.pdf
20201123,1,https://www.ilgiornaledivicenza.it/filedelivery/policy:7.2987836:1606133845/Report%2015%20(1).pdf
20201122,2,https://www.ilgiornaledivicenza.it/filedelivery/policy:7.2987251:1606066547/Report%2014%20(1).pdf
20201122,1,https://www.ilgiornaledivicenza.it/filedelivery/policy:7.2986902:1606041904/Report%2013.pdf
20201121,2,https://www.ilgiornaledivicenza.it/filedelivery/policy:7.2986398:1605978117/Report%2012%20(1).pdf
20201121,1,https://www.ilgiornaledivicenza.it/filedelivery/policy:7.2985998:1605961437/Report%2011.pdf
20201120,2,https://www.ilgiornaledivicenza.it/filedelivery/policy:7.2985134:1605892251/Report%2010.pdf
20201120,1,https://www.ilgiornaledivicenza.it/filedelivery/policy:7.2984819:1605877266/Report%209.pdf
20201119,2,https://www.ilgiornaledivicenza.it/filedelivery/policy:7.2983961:1605805567/Report%208.pdf
20201119,1,https://www.ilgiornaledivicenza.it/filedelivery/policy:7.2983620:1605793292/Report%207%20(1).pdf
20201118,2,https://www.ilgiornaledivicenza.it/filedelivery/policy:7.2982859:1605726566/Report%205.pdf
20201118,1,https://www.ilgiornaledivicenza.it/filedelivery/policy:7.2982345:1605704673/Report%203.pdf
20201117,2,https://www.ilgiornaledivicenza.it/filedelivery/policy:7.2981477:1605634556/Report%202.pdf
20201117,1,https://www.ilgiornaledivicenza.it/filedelivery/policy:7.2980929:1605615641/Report%2050%20(1).pdf
20201116,2,https://www.ilgiornaledivicenza.it/filedelivery/policy:7.2980119:1605545870/Report%2049.pdf
20201116,1,https://www.ilgiornaledivicenza.it/filedelivery/policy:7.2979729:1605527820/Report%2048.pdf
20201115,2,https://www.ilgiornaledivicenza.it/filedelivery/policy:7.2979140:1605463606/Report%2047.pdf
20201115,1,https://www.ilgiornaledivicenza.it/filedelivery/policy:7.2978814:1605433077/Report%2046.pdf
20201114,2,https://www.ilgiornaledivicenza.it/filedelivery/policy:7.2978416:1605378794/Report%2045.pdf
20201114,1,https://www.ilgiornaledivicenza.it/filedelivery/policy:7.2978102:1605362847/Report%2044.pdf
20201113,2,https://www.ilgiornaledivicenza.it/filedelivery/policy:7.2977221:1605288425/Report%2043.pdf
20201113,1,https://www.ilgiornaledivicenza.it/filedelivery/policy:7.2976703:1605273950/Report%2042.pdf
20201112,2,https://www.ilgiornaledivicenza.it/filedelivery/policy:7.2975930:1605206755/Report%2041%20(1).pdf
20201112,1,https://www.ilgiornaledivicenza.it/filedelivery/policy:7.2975470:1605191895/Report%2040.pdf
20201111,2,https://www.ilgiornaledivicenza.it/filedelivery/policy:7.2974628:1605117490/Report%2037.pdf
20201111,1,https://www.ilgiornaledivicenza.it/filedelivery/policy:7.2974116:1605098485/Report%2036.pdf
20201110,2,https://www.ilgiornaledivicenza.it/filedelivery/policy:7.2973447:1605033726/Report%2035.pdf
20201110,1,https://www.ilgiornaledivicenza.it/filedelivery/policy:7.2972889:1605012844/Report%2034.pdf
20201109,2,https://www.ilgiornaledivicenza.it/filedelivery/policy:7.2972078:1604944635/Report%2033.pdf
20201109,1,https://www.ilgiornaledivicenza.it/filedelivery/policy:7.2971649:1604927372/Report%20informatizzato_20201109_ore8%202.pdf
20201108,2,https://www.ilgiornaledivicenza.it/filedelivery/policy:7.2970955:1604858397/Report%20informatizzato_20201108_ore17.pdf
20201108,1,https://www.ilgiornaledivicenza.it/filedelivery/policy:7.2970635:1604835454/Report%20informatizzato_20201108_ore8.pdf
20201107,2,https://www.ilgiornaledivicenza.it/filedelivery/policy:7.2970104:1604775003/Report%20informatizzato_20201107_ore17%202%20(1).pdf
20201107,1,https://www.ilgiornaledivicenza.it/filedelivery/policy:7.2969664:1604754311/Report%2032%20(2).pdf
20201106,2,https://www.ilgiornaledivicenza.it/filedelivery/policy:7.2969079:1604684944/Report%2031%20(1).pdf
20201106,1,https://www.ilgiornaledivicenza.it/filedelivery/policy:7.2968615:1604664612/Report%2030.pdf
20201105,2,https://www.ilgiornaledivicenza.it/filedelivery/policy:7.2967799:1604596114/Report%2029.pdf
20201105,1,https://www.ilgiornaledivicenza.it/filedelivery/policy:7.2967432:1604578928/Report%2028.pdf
20201104,2,https://www.ilgiornaledivicenza.it/filedelivery/policy:7.2966710:1604513545/Report%2027%20(1).pdf
20201104,1,https://www.ilgiornaledivicenza.it/filedelivery/policy:7.2966264:1604494242/Report%2026.pdf
20201103,2,https://www.ilgiornaledivicenza.it/filedelivery/policy:7.2965548:1604430074/Report%2025%20(1).pdf
20201103,1,https://www.ilgiornaledivicenza.it/filedelivery/policy:7.2964981:1604407143/Report%2024.pdf
20201102,2,https://www.ilgiornaledivicenza.it/filedelivery/policy:7.2964227:1604342921/Report%2023.pdf
20201102,1,https://www.ilgiornaledivicenza.it/filedelivery/policy:7.2963773:1604322736/Report%2022.pdf
20201101,1,https://www.ilgiornaledivicenza.it/filedelivery/policy:7.2962674:1604227723/Report%2020.pdf
20201031,2,https://www.ilgiornaledivicenza.it/filedelivery/policy:7.2962254:1604172707/Report%2019.pdf
20201031,1,https://www.ilgiornaledivicenza.it/filedelivery/policy:7.2961764:1604148333/Report%2018.pdf
20201030,2,https://www.ilgiornaledivicenza.it/filedelivery/policy:7.2961104:1604079230/Report%2017.pdf
20201030,1,https://www.ilgiornaledivicenza.it/filedelivery/policy:7.2960643:1604066260/Report%2016.pdf
20201029,2,https://www.ilgiornaledivicenza.it/oltre-vicenza/veneto/emergenza-covid-luca-zaia-in-diretta-alle-12-30-1.8312226
20201029,1,https://www.ilgiornaledivicenza.it/filedelivery/policy:7.2959085:1603967508/Report%2014.pdf
20201028,1,https://www.ilgiornaledivicenza.it/filedelivery/policy:7.2957835:1603887904/Report%2011.pdf
20201027,1,https://www.ilgiornaledivicenza.it/filedelivery/policy:7.2956534:1603803420/Report%209.pdf
20201026,1,https://www.ilgiornaledivicenza.it/filedelivery/policy:7.2955267:1603717672/Report%207.pdf
20201025,1,https://www.ilgiornaledivicenza.it/filedelivery/policy:7.2954009:1603625426/Report%205.pdf
20201024,1,https://www.ilgiornaledivicenza.it/filedelivery/policy:7.2952871:1603540239/Report%203.pdf
20201023,1,https://www.ilgiornaledivicenza.it/filedelivery/policy:7.2950457:1603370258/Report%20informatizzato_20201022_ore%208_def.pdf
20201022,1,https://www.ilgiornaledivicenza.it/filedelivery/policy:7.2950454:1603369639/Report%20informatizzato_20201022_ore%208_def.pdf?mobile_stay=1
20201021,1,https://www.ilgiornaledivicenza.it/filedelivery/policy:7.2948890:1603270242/Report%20informatizzato_20201021_ore%208_def.pdf?mobile_stay=1
20201020,1,https://www.ilgiornaledivicenza.it/filedelivery/policy:7.2947843:1603196061/Report%20informatizzato_20201020_ore%208_def.pdf?mobile_stay=1
20201019,1,https://www.ilgiornaledivicenza.it/filedelivery/policy:7.2946618:1603108170/Report%20informatizzato_20201019_ore%2008_DEF%20(1).pdf?mobile_stay=1
20201018,1,https://www.ilgiornaledivicenza.it/filedelivery/policy:7.2945562:1603012379/Report_informatizzato_8_biosorv_def.xlsx%20-%20Report.pdf?mobile_stay=1
20201017,1,https://www.ilgiornaledivicenza.it/filedelivery/policy:7.2944501:1602924781/Report20201017ore800%202%20(1).pdf?mobile_stay=1
20201016,1,https://www.ilgiornaledivicenza.it/filedelivery/policy:7.2943300:1602849025/Report%20informatizzato_20201016_ore%208.pdf?mobile_stay=1
20201015,1,https://www.ilgiornaledivicenza.it/filedelivery/policy:7.2941967:1602759297/Report%20informatizzato_20201015_ore%208.pdf?mobile_stay=1
20201014,1,https://www.ilgiornaledivicenza.it/filedelivery/policy:7.2940908:1602671786/Report%20informatizzato_20201014_ore%208.pdf?mobile_stay=1
20201013,1,https://www.ilgiornaledivicenza.it/filedelivery/policy:7.2939791:1602593704/Report%206%20(4).pdf?mobile_stay=1
20201012,1,https://www.ilgiornaledivicenza.it/filedelivery/policy:7.2938510:1602507677/Report%204%20(2).pdf?mobile_stay=1
20201011,1,https://www.ilgiornaledivicenza.it/filedelivery/policy:7.2937562:1602403806/Report%202%20(3).pdf?mobile_stay=1
20201010,1,https://www.ilgiornaledivicenza.it/filedelivery/policy:7.2936744:1602325739/Report%2033.pdf?mobile_stay=1
20201009,1,https://www.ilgiornaledivicenza.it/filedelivery/policy:7.2935567:1602236646/Report%2031.pdf?mobile_stay=1
20201008,1,https://www.ilgiornaledivicenza.it/filedelivery/policy:7.2934597:1602152750/Report%2029.pdf?mobile_stay=1
20201007,1,https://www.ilgiornaledivicenza.it/filedelivery/policy:7.2933476:1602070430/Report%2027.pdf?mobile_stay=1
20201006,1,https://www.ilgiornaledivicenza.it/filedelivery/policy:7.2932385:1601981873/Report%2025.pdf?mobile_stay=1
20201005,1,https://www.ilgiornaledivicenza.it/filedelivery/policy:7.2931158:1601892481/Report%2023.pdf?mobile_stay=1
20201004,1,https://www.ilgiornaledivicenza.it/filedelivery/policy:7.2930046:1601803083/Report%2021.pdf?mobile_stay=1
20201003,1,https://www.ilgiornaledivicenza.it/filedelivery/policy:7.2928916:1601721765/Report%2019%20(1).pdf?mobile_stay=1
20201002,1,https://www.ilgiornaledivicenza.it/filedelivery/policy:7.2927900:1601644177/Report%2017.pdf?mobile_stay=1
20201001,1,https://www.ilgiornaledivicenza.it/filedelivery/policy:7.2926797:1601564032/Report%2015.pdf?mobile_stay=1
20200930,1,https://www.ilgiornaledivicenza.it/filedelivery/policy:7.2925425:1601453891/Report%2012.pdf?mobile_stay=1
20200929,1,https://www.ilgiornaledivicenza.it/filedelivery/policy:7.2924333:1601374869/Report%2010.pdf?mobile_stay=1
20200928,1,https://www.ilgiornaledivicenza.it/filedelivery/policy:7.2923273:1601289655/Report%208%20(4).pdf?mobile_stay=1
20200927,1,https://www.ilgiornaledivicenza.it/filedelivery/policy:7.2922319:1601198097/Report%206.pdf?mobile_stay=1
20200926,1,https://www.ilgiornaledivicenza.it/filedelivery/policy:7.2921490:1601117067/Report%20(1)oggi.pdf?mobile_stay=1
20200925,1,https://www.ilgiornaledivicenza.it/filedelivery/policy:7.2920040:1601023085/Report%204%20(1).pdf?mobile_stay=1
20200924,1,https://www.ilgiornaledivicenza.it/filedelivery/policy:7.2918866:1600946587/Report%202.pdf?mobile_stay=1
20200923,1,https://www.ilgiornaledivicenza.it/filedelivery/policy:7.2917511:1600847429/Report%20(2).pdf?mobile_stay=1
20200922,1,https://www.ilgiornaledivicenza.it/filedelivery/policy:7.2916449:1600768902/Report%20informatizzato_20200922_ore8.pdf?mobile_stay=1
20200921,1,https://www.ilgiornaledivicenza.it/filedelivery/policy:7.2915614:1600682961/Report%2017.pdf?mobile_stay=1
20200920,1,https://www.ilgiornaledivicenza.it/filedelivery/policy:7.2914834:1600604655/Report%2015.pdf?mobile_stay=1
20200919,1,https://www.ilgiornaledivicenza.it/filedelivery/policy:7.2913908:1600507033/Report%2014.pdf?mobile_stay=1
20200918,1,https://www.ilgiornaledivicenza.it/filedelivery/policy:7.2912895:1600426438/Report%2012.pdf?mobile_stay=1
20200917,1,https://www.ilgiornaledivicenza.it/filedelivery/policy:7.2911867:1600342782/Report%2010.pdf?mobile_stay=1
20200916,1,https://www.ilgiornaledivicenza.it/filedelivery/policy:7.2910797:1600262772/Report%208%20(1).pdf?mobile_stay=1
20200915,1,https://www.ilgiornaledivicenza.it/filedelivery/policy:7.2909524:1600171929/Report%206.pdf?mobile_stay=1
20200914,1,https://www.ilgiornaledivicenza.it/filedelivery/policy:7.2908629:1600091046/Report%204.pdf?mobile_stay=1
20200913,1,https://www.ilgiornaledivicenza.it/filedelivery/policy:7.2907736:1600002901/Report%202.pdf?mobile_stay=1
20200912,1,https://www.ilgiornaledivicenza.it/filedelivery/policy:7.2906936:1599914002/Report.pdf?mobile_stay=1
20200911,1,https://www.ilgiornaledivicenza.it/filedelivery/policy:7.2905715:1599812294/Report%20informatizzato_20200911_ore8.pdf?mobile_stay=1
20200910,1,https://www.ilgiornaledivicenza.it/filedelivery/policy:7.2904535:1599734403/Report%20informatizzato_20200910_ore8%20(1).pdf?mobile_stay=1
20200909,1,https://www.ilgiornaledivicenza.it/filedelivery/policy:7.2903414:1599652137/Report%20informatizzato_20200909_ore8.pdf?mobile_stay=1
20200908,1,https://www.ilgiornaledivicenza.it/filedelivery/policy:7.2902540:1599573752/Report%20informatizzato_20200908_ore8_v2.pdf?mobile_stay=1
20200907,1,https://www.ilgiornaledivicenza.it/filedelivery/policy:7.2901199:1599475749/Report%20informatizzato_20200907_ore8.pdf?mobile_stay=1
20200906,1,https://www.ilgiornaledivicenza.it/filedelivery/policy:7.2900368:1599392915/Report%20informatizzato_20200906_ore8.pdf?mobile_stay=1
20200905,1,https://www.ilgiornaledivicenza.it/filedelivery/policy:7.2899637:1599312025/Report%20informatizzato_20200905_ore8.pdf?mobile_stay=1
20200904,1,https://www.ilgiornaledivicenza.it/filedelivery/policy:7.2898354:1599218203/Report_informatizzato_20200904_ore8.pdf?mobile_stay=1
20200903,1,https://www.ilgiornaledivicenza.it/filedelivery/policy:7.2897184:1599134245/Report%2003.09.2020%20ore%208.00%20(1).pdf?mobile_stay=1
20200902,1,https://www.ilgiornaledivicenza.it/filedelivery/policy:7.2895861:1599046144/Report%20informatizzato_20200902_ore8.pdf?mobile_stay=1
20200901,1,https://www.ilgiornaledivicenza.it/filedelivery/policy:7.2894570:1598948176/Report%20informatizzato_20200901_ore8.pdf?mobile_stay=1
20200831,1,https://www.ilgiornaledivicenza.it/filedelivery/policy:7.2893385:1598867646/Report%20informatizzato_20200831_ore8%20(2).pdf?mobile_stay=1
20200830,1,https://www.ilgiornaledivicenza.it/filedelivery/policy:7.2892658:1598774593/Report%20informatizzato_20200830_ore8.pdf?mobile_stay=1
20200829,1,https://www.ilgiornaledivicenza.it/filedelivery/policy:7.2891766:1598689906/Report%20informatizzato_20200829_ore8.pdf?mobile_stay=1
20200828,1,https://www.ilgiornaledivicenza.it/filedelivery/policy:7.2889855:1598529903/Report%20informatizzato_20200827_ore8.pdf?mobile_stay=1
20200827,1,https://www.ilgiornaledivicenza.it/filedelivery/policy:7.2889855:1598529903/Report%20informatizzato_20200827_ore8.pdf?mobile_stay=1
20200826,1,https://www.ilgiornaledivicenza.it/filedelivery/policy:7.2888997:1598448314/Report%20informatizzato_20200826_ore8%203.pdf?mobile_stay=1
20200825,1,https://www.ilgiornaledivicenza.it/filedelivery/policy:7.2887871:1598341329/Report%20informatizzato_20200825_ore8.pdf?mobile_stay=1
20200824,1,https://www.ilgiornaledivicenza.it/filedelivery/policy:7.2886907:1598269964/Report%20informatizzato_20200824_ore8.pdf?mobile_stay=1
20200823,1,https://www.ilgiornaledivicenza.it/filedelivery/policy:7.2886133:1598169904/Report%20informatizzato_20200823_ore8.pdf?mobile_stay=1
20200822,1,file:///C:/Users/Redazione/Downloads/Report%20informatizzato_20200820_ore17%20(1).pdf?mobile_stay=1
20200821,1,file:///C:/Users/Redazione/Downloads/Report%20informatizzato_20200820_ore17%20(1).pdf?mobile_stay=1
20200820,1,https://www.ilgiornaledivicenza.it/filedelivery/policy:7.2883580:1597925258/Report%20informatizzato_20200820_ore8.pdf?mobile_stay=1
20200819,1,https://www.ilgiornaledivicenza.it/filedelivery/policy:7.2882536:1597829360/Report%20informatizzato_20200819_ore8.pdfmobile_stay=1
20200818,1,https://www.ilgiornaledivicenza.it/filedelivery/policy:7.2881681:1597738530/Report%20informatizzato_20200818_ore8.pdf?mobile_stay=1
20200817,1,https://www.ilgiornaledivicenza.it/filedelivery/policy:7.2880965:1597664727/Report%20informatizzato_20200817_ore8.pdf?mobile_stay=1
20200816,1,https://www.ilgiornaledivicenza.it/filedelivery/policy:7.2880377:1597592254/Report%20informatizzato_20200816_ore8.pdf?mobile_stay=1
20200815,1,https://www.ilgiornaledivicenza.it/filedelivery/policy:7.2879716:1597480264/Report%20informatizzato_20200815_ore8.pdf?mobile_stay=1
20200814,1,https://www.ilgiornaledivicenza.it/filedelivery/policy:7.2878766:1597397672/Report%20informatizzato_20200814_ore8.pdf?mobile_stay=1
20200813,1,https://www.ilgiornaledivicenza.it/home/veneto/coronavirus-la-diretta-di-luca-zaia-1.8203833
20200812,1,https://www.ilgiornaledivicenza.it/filedelivery/policy:7.2876907:1597220958/Report%20informatizzato_20200812_ore8.pdf?mobile_stay=1
20200811,1,https://www.ilgiornaledivicenza.it/filedelivery/policy:7.2875963:1597132935/Report%20informatizzato_20200811_ore8.pdf?mobile_stay=1
20200810,1,https://www.ilgiornaledivicenza.it/filedelivery/policy:7.2875162:1597060042/Report%20informatizzato_20200810_ore8.pdf?mobile_stay=1
20200809,1,https://www.ilgiornaledivicenza.it/filedelivery/policy:7.2874575:1596976510/Report%20informatizzato_20200809_ore8.pdf?mobile_stay=1
20200808,1,https://www.ilgiornaledivicenza.it/filedelivery/policy:7.2873770:1596877961/Report%20informatizzato_20200808_ore8.pdf?mobile_stay=1
20200807,1,https://www.ilgiornaledivicenza.it/filedelivery/policy:7.2872925:1596804398/Report%20informatizzato_20200807_ore8.pdf?mobile_stay=1
20200806,1,https://www.ilgiornaledivicenza.it/filedelivery/policy:7.2871954:1596710983/Report%20informatizzato_20200806_ore8.pdf?mobile_stay=1
20200805,1,https://www.ilgiornaledivicenza.it/filedelivery/policy:7.2871075:1596621111/Report%20informatizzato_20200805_ore8.pdf?mobile_stay=1
20200804,1,https://www.ilgiornaledivicenza.it/filedelivery/policy:7.2869954:1596530973/Report%20informatizzato_20200804_ore8.pdf?mobile_stay=1
20200803,1,https://www.ilgiornaledivicenza.it/filedelivery/policy:7.2869352:1596461343/Report%20informatizzato_20200803_ore8.pdf.pdf?mobile_stay=1
20200802,1,https://www.ilgiornaledivicenza.it/filedelivery/policy:7.2868365:1596365283/Report%20informatizzato_20200802_ore8.pdf?mobile_stay=1
20200801,1,https://www.ilgiornaledivicenza.it/filedelivery/policy:7.2867827:1596292912/Report%20informatizzato_20200801_ore8.pdf?mobile_stay=1
20200731,1,https://www.ilgiornaledivicenza.it/filedelivery/policy:7.2866731:1596199925/Report%20informatizzato_20200731_ore8.pdf.pdf?mobile_stay=1
20200730,1,https://www.ilgiornaledivicenza.it/filedelivery/policy:7.2865358:1596098635/Report%20informatizzato_20200730_ore8.pdf?mobile_stay=1
20200729,1,https://www.ilgiornaledivicenza.it/filedelivery/policy:7.2864384:1596013972/Report%20informatizzato_20200729_ore8.pdf.pdf?mobile_stay=1
20200728,1,https://www.ilgiornaledivicenza.it/filedelivery/policy:7.2863220:1595926184/Report%20informatizzato_20200728_ore8.pdf?mobile_stay=1
20200727,1,https://www.ilgiornaledivicenza.it/filedelivery/policy:7.2862651:1595861309/Report%20informatizzato_20200727_ore8.pdf.pdf?mobile_stay=1
20200726,1,https://www.ilgiornaledivicenza.it/filedelivery/policy:7.2861260:1595752458/Report%20informatizzato_20200726_ore8.pdf.pdf?mobile_stay=1
20200725,1,https://www.ilgiornaledivicenza.it/filedelivery/policy:7.2860551:1595668997/Report%20informatizzato_20200725_ore8.pdf?mobile_stay=1
20200724,1,https://www.ilgiornaledivicenza.it/filedelivery/policy:7.2859943:1595583215/Report%20informatizzato_20200724_ore8.pdf.pdf?mobile_stay=1
20200723,1,https://www.ilgiornaledivicenza.it/filedelivery/policy:7.2859004:1595505053/Report%20informatizzato_20200723_ore8_v3.pdf?mobile_stay=1
20200722,1,https://www.ilgiornaledivicenza.it/filedelivery/policy:7.2857773:1595414348/Report%20informatizzato_20200722_ore8.pdf?mobile_stay=1
20200721,1,https://www.ilgiornaledivicenza.it/filedelivery/policy:7.2856686:1595325413/report%20informatizzato%2021.07.20%20ore%208.00.pdf?mobile_stay=1
20200720,1,https://www.ilgiornaledivicenza.it/filedelivery/policy:7.2855946:1595252272/aggiornamento%20casi%20-%20e%20ricoveri%2020.07%20ore%208.00.pdf?mobile_stay=1
20200719,1,https://www.ilgiornaledivicenza.it/filedelivery/policy:7.2854794:1595150759/aggiornamentodiciannoveluglioh8.pdf?mobile_stay=1
20200718,1,https://www.ilgiornaledivicenza.it/filedelivery/policy:7.2853998:1595066259/Aggiornamento%20casi%20-%20e%20ricoveri%2018.07%20ore%208.00..pdf?mobile_stay=1
20200717,1,https://www.ilgiornaledivicenza.it/filedelivery/policy:7.2852942:1594973855/aggiornamento%20casi%20e%20ricoveri%20del%2017.07%20ore%208.00.pdf?mobile_stay=1
20200716,2,https://www.ilgiornaledivicenza.it/filedelivery/policy:7.2852364:1594914379/aggiornamento%20casi%20e%20ricoverati%2016.07%20ore%2017.00.pdf?mobile_stay=1
20200716,1,https://www.ilgiornaledivicenza.it/filedelivery/policy:7.2851889:1594889839/aggiornamento%20casi%20e%20ricoveri%20del%2016.07%20ore%208.00.pdf?mobile_stay=1
20200715,2,https://www.ilgiornaledivicenza.it/filedelivery/policy:7.2851342:1594829973/aggiornamento%20casi%20e%20ricoveri%20del%2015.07%20ore%2017.00.pdf?mobile_stay=1
20200715,1,https://www.ilgiornaledivicenza.it/filedelivery/policy:7.2850581:1594800362/aggiornamento%20casi%20e%20ricoveri%20del%2015.07%20ore%208.00.pdf?mobile_stay=1
20200714,2,https://www.ilgiornaledivicenza.it/filedelivery/policy:7.2850075:1594742196/aggiornamento%20casi%20e%20ricoveri%20del%2014.07%20ore%2017.00.pdf?mobile_stay=1
20200714,1,https://www.ilgiornaledivicenza.it/filedelivery/policy:7.2849922:1594733053/aggiornamento%20casi%20-%20e%20ricoveri%2014.07%20ore%208.00.pdf?mobile_stay=1
20200713,2,https://www.ilgiornaledivicenza.it/filedelivery/policy:7.2849324:1594667699/pomeriggio%20ore%2017.00.pdf?mobile_stay=1
20200713,1,https://www.ilgiornaledivicenza.it/filedelivery/policy:7.2848920:1594639525/aggiornamento%20casi%20e%20ricoveri%20del%2013.07%20ore%208.00.pdf?mobile_stay=1
20200712,2,https://www.ilgiornaledivicenza.it/filedelivery/policy:7.2848226:1594570394/Aggiornamento%20casi%20-%20e%20ricoveri%2012.07%20ore%2017.00.%20(3).pdf?mobile_stay=1
20200712,1,https://www.ilgiornaledivicenza.it/filedelivery/policy:7.2847939:1594547389/Aggiornamento%20casi%20-%20e%20ricoveri%2012.07%20ore%209.00..pdf?mobile_stay=1
20200711,2,https://www.ilgiornaledivicenza.it/filedelivery/policy:7.2847681:1594488728/aggiornamento%20casi%20-%20e%20ricoveri%2011.07%20ore%2017.pdf?mobile_stay=1
20200711,1,https://www.ilgiornaledivicenza.it/filedelivery/policy:7.2847307:1594467858/Aggiornamento%20casi%20-%20e%20ricoveri%2011.07%20ore%209.00..pdf?mobile_stay=1
20200710,2,https://www.ilgiornaledivicenza.it/filedelivery/policy:7.2846842:1594407844/aggiornamento%20casi%20-%20e%20ricoveri%2010.07%20ore%2017.00.pdf?mobile_stay=1
20200710,1,https://www.ilgiornaledivicenza.it/filedelivery/policy:7.2846226:1594376485/aggiornamento%20casi%20-%20e%20ricoveri%20del%2010.07%20ore%208.00.pdf?mobile_stay=1
20200709,2,https://www.ilgiornaledivicenza.it/filedelivery/policy:7.2845593:1594309533/aggiornamento%20casi%20-%20e%20ricoveri%2009.07%20ore%2017.pdf?mobile_stay=1
20200709,1,https://www.ilgiornaledivicenza.it/filedelivery/policy:7.2845218:1594286825/aggiornamento%20casi%20-%20e%20ricoveri%20del%2009.07%20ore%208.00.pdf?mobile_stay=1
20200708,2,https://www.ilgiornaledivicenza.it/filedelivery/policy:7.2844797:1594231130/aggiornamento%20casi%20-%20e%20ricoveri%20del%2008.07%20ore%2017.00.pdf?mobile_stay=1
20200708,1,https://www.ilgiornaledivicenza.it/filedelivery/policy:7.2844302:1594203560/aggiornamento%20casi%20-%20e%20ricoveri%20del%2008.07%20ore%208.00.pdf?mobile_stay=1
20200707,2,https://www.ilgiornaledivicenza.it/filedelivery/policy:7.2843784:1594138088/Oggi%20ore%2017.00.pdf?mobile_stay=1
20200707,1,https://www.ilgiornaledivicenza.it/filedelivery/policy:7.2843483:1594123673/aggiornamento%20casi%20-%20e%20ricoveri%20del%2007.07%20ore%208.00.pdf?mobile_stay=1
20200706,2,https://www.ilgiornaledivicenza.it/filedelivery/policy:7.2842865:1594062695/aggiornamento%20casi%20e%20ricoveri%2006.07%20ore%2017.pdf?mobile_stay=1
20200706,1,https://www.ilgiornaledivicenza.it/filedelivery/policy:7.2842643:1594038135/aggiornamento%20casi%20-%20e%20ricoveri%20del%2006.07%20ore%208.00.pdf?mobile_stay=1
20200705,2,https://www.ilgiornaledivicenza.it/filedelivery/policy:7.2841841:1593968397/aggiornamento%20casi%20-%20e%20ricoveri%2005.07%20ore%2017.00.pdf?mobile_stay=1
20200705,1,https://www.ilgiornaledivicenza.it/filedelivery/policy:7.2841549:1593945161/aggiornamento%20casi%2005.07%20ore%208.pdf?mobile_stay=1
20200704,1,https://www.ilgiornaledivicenza.it/filedelivery/policy:7.2841220:1593883732/aggiornamento%20casi%20-%20e%20ricoveri%20del%2004.07%20ore%208.00.pdf?mobile_stay=1
20200703,2,https://www.ilgiornaledivicenza.it/filedelivery/policy:7.2840520:1593793438/aggiornamento%20casi%20-%20e%20ricoveri%2003.07%20ore%2017.00.pdf?mobile_stay=1
20200703,1,https://www.ilgiornaledivicenza.it/filedelivery/policy:7.2840519:1593793414/aggiornamento%20casi%2007.03%20ore%208.00.pdf?mobile_stay=1
20200702,1,https://www.ilgiornaledivicenza.it/filedelivery/policy:7.2839334:1593704126/aggiornamento%20casi%20-%20e%20ricoveri%2002.07%20ore%2017.pdf?mobile_stay=1
20200701,1,https://www.ilgiornaledivicenza.it/filedelivery/policy:7.2838058:1593614968/aggiornamento%20casi%20-%20e%20ricoveri%2001.07%20ore%208.00.pdf?mobile_stay=1
20200630,2,https://www.ilgiornaledivicenza.it/filedelivery/policy:7.2837181:1593540205/aggiornamento%20casi%2030.06%20ore%2017%202.pdf?mobile_stay=1
20200630,1,https://www.ilgiornaledivicenza.it/filedelivery/policy:7.2836945:1593530028/aggiornamento%20casi%2006.30%20ore%208.00.pdf?mobile_stay=1
20200629,2,https://www.ilgiornaledivicenza.it/filedelivery/policy:7.2835871:1593445276/aggiornamento%20casi%20-%20e%20ricoveri%2029.06%20ore%2017.pdf?mobile_stay=1
20200629,1,https://www.ilgiornaledivicenza.it/filedelivery/policy:7.2835628:1593433122/aggiornamento%20casi%20-%20e%20ricoveri%2029.06%20ore%208.pdf?mobile_stay=1
20200628,2,https://www.ilgiornaledivicenza.it/filedelivery/policy:7.2834924:1593364932/aggiornamento%20casi%2028.06%20ore%2017.pdf?mobile_stay=1
20200628,1,https://www.ilgiornaledivicenza.it/filedelivery/policy:7.2834515:1593338884/aggiornamento%20casi%2028.06%20ore%208.00.pdf?mobile_stay=1
20200627,2,https://www.ilgiornaledivicenza.it/filedelivery/policy:7.2834174:1593279656/aggiornamento%20casi%2027.06%20ore%2017.pdf?mobile_stay=1
20200627,1,https://www.ilgiornaledivicenza.it/filedelivery/policy:7.2833668:1593248284/aggiornamento%20casi%20-%20e%20ricoveri%2027.06%20ore%208.00.pdf?mobile_stay=1
20200626,2,https://www.ilgiornaledivicenza.it/filedelivery/policy:7.2833196:1593188130/Aggiornamento%20casi%20-%20e%20ricoveri%2026.06%20ore17.00..pdf?mobile_stay=1
20200626,1,https://www.ilgiornaledivicenza.it/filedelivery/policy:7.2832773:1593169546/aggiornamento%20casi%20-%20e%20ricoveri%2026.06%20ore%208.00.pdf?mobile_stay=1
20200625,2,https://www.ilgiornaledivicenza.it/filedelivery/policy:7.2832266:1593111609/aggiornamento%20casi%20-%20e%20ricoveri%2025.06%20ore%2017.00.pdf?mobile_stay=1
20200625,1,https://www.ilgiornaledivicenza.it/filedelivery/policy:7.2831773:1593086182/aggiornamento%20casi%20-%20e%20ricoveri%2025.06%20ore%208.00.pdf?mobile_stay=1
20200624,1,https://www.ilgiornaledivicenza.it/filedelivery/policy:7.2831125:1593024328/Aggiornamento%20casi%20-%20e%20ricoveri%2024.06%20ore17.00..pdf?mobile_stay=1
20200623,2,https://www.ilgiornaledivicenza.it/filedelivery/policy:7.2829915:1592929146/Aggiornamento%20casi%20-%20e%20ricoveri%2023.06%20ore%2017.00.pdf?mobile_stay=1
20200623,1,https://www.ilgiornaledivicenza.it/filedelivery/policy:7.2829826:1592914227/Aggiornamento%20casi%20-%20e%20ricoveri%2023.06%20ore%208.00.pdf?mobile_stay=1
20200622,2,https://www.ilgiornaledivicenza.it/filedelivery/policy:7.2829136:1592856055/aggiornamento%20casi%20-%20e%20ricoveri%2022.06%20ore%2017.00.pdf?mobile_stay=11
20200622,1,https://www.ilgiornaledivicenza.it/filedelivery/policy:7.2828690:1592827065/aggiornamento%20casi%20-%20e%20ricoveri%2022.06%20ore%208.00.pdf?mobile_stay=1
20200621,2,https://www.ilgiornaledivicenza.it/filedelivery/policy:7.2828017:1592763183/aggiornamento%20casi%20-%20e%20ricoveri%2021.06%20ore%2017.pdf?mobile_stay=1
20200621,1,https://www.ilgiornaledivicenza.it/filedelivery/policy:7.2827575:1592737826/Aggiornamento%20casi%20-%20e%20ricoveri%2021.06%20ore%208.00..pdf?mobile_stay=1
20200620,2,https://www.ilgiornaledivicenza.it/filedelivery/policy:7.2827240:1592698262/Aggiornamento%20casi%20-%20e%20ricoveri%2020.06%20ore%208.00.%20(1).pdf?mobile_stay=1
20200620,1,https://www.ilgiornaledivicenza.it/filedelivery/policy:7.2827240:1592698262/Aggiornamento%20casi%20-%20e%20ricoveri%2020.06%20ore%208.00.%20(1).pdf?mobile_stay=1
20200619,2,https://www.ilgiornaledivicenza.it/filedelivery/policy:7.2826141:1592580012/aggiornamento%20casi%20-%20e%20ricoveri%2019.06%20ore%2017.00.pdf?mobile_stay=1
20200619,1,https://www.ilgiornaledivicenza.it/filedelivery/policy:7.2825745:1592565137/aggiornamento%20casi%20-%20e%20ricoveri%2019.06%20ore%208.00.pdf?mobile_stay=1
20200618,1,https://www.ilgiornaledivicenza.it/filedelivery/policy:7.2825190:1592502202/Aggiornamento%20casi%20-%20e%20ricoveri%2018.06%20ore%2017.00.pdf?mobile_stay=1
20200617,2,https://www.ilgiornaledivicenza.it/filedelivery/policy:7.2823872:1592410751/aggiornamento%20casi%2017.06%20ore%2017.pdf?mobile_stay=1
20200617,1,https://www.ilgiornaledivicenza.it/filedelivery/policy:7.2823755:1592404454/aggiornamento%20casi%20-%20e%20ricoveri%2017.06%20ore%208.00.pdf?mobile_stay=1
20200616,2,https://www.ilgiornaledivicenza.it/filedelivery/policy:7.2822987:1592328537/aggiornamento%20casi%20-%20e%20ricoveri%2016.06%20ore%2017.00.pdf?mobile_stay=1
20200616,1,https://www.ilgiornaledivicenza.it/filedelivery/policy:7.2822955:1592309470/Aggiornamento%20casi%20-%20e%20ricoveri%2016.06%20ore%208.00.pdf?mobile_stay=1
20200615,2,https://www.ilgiornaledivicenza.it/filedelivery/policy:7.2822731:1592239881/aggiornamento%20casi%20-%20e%20ricoveri%2015.06%20ore%2017.pdf?mobile_stay=1
20200615,1,https://www.ilgiornaledivicenza.it/filedelivery/policy:7.2822491:1592224564/aggiornamento%20casi%20-%20e%20ricoveri%2015.06%20ore%208.00.pdf?mobile_stay=1
20200614,2,https://www.ilgiornaledivicenza.it/filedelivery/policy:7.2821690:1592148263/aggiornamento%20casi%20-%20e%20ricoveri%2014.06%20ore%2017.00.pdf?mobile_stay=1
20200614,1,https://www.ilgiornaledivicenza.it/filedelivery/policy:7.2821514:1592133257/Aggiornamento%20casi%20-%20e%20ricoveri%2014.06%20ore%208.00..pdf?mobile_stay=1
20200613,2,https://www.ilgiornaledivicenza.it/filedelivery/policy:7.2821154:1592075487/aggiornamento%20casi%20-%20e%20ricoveri%2013.06%20ore%2017.00.pdf?mobile_stay=1
20200613,1,https://www.ilgiornaledivicenza.it/filedelivery/policy:7.2820721:1592046452/aggiornamento%20casi%20-%2013.6%20ore%208.00.pdf?mobile_stay=1
20200612,2,https://www.ilgiornaledivicenza.it/filedelivery/policy:7.2820152:1591977149/aggiornamento%20casi%20-%20e%20ricoveri%2012.6%20ore%2017.00.pdf?mobile_stay=1
20200612,1,https://www.ilgiornaledivicenza.it/filedelivery/policy:7.2819895:1591965492/aggiornamento%20casi%20-%20e%20ricoveri%2012.06%20ore%208.00.pdf?mobile_stay=1
20200611,2,https://www.ilgiornaledivicenza.it/filedelivery/policy:7.2819282:1591896577/Aggiornamento%20casi%20-%20e%20ricoveri%2011.06%20ore%2017.00%20(1).pdf?mobile_stay=1
20200611,1,https://www.ilgiornaledivicenza.it/filedelivery/policy:7.2818698:1591873851/Aggiornamento%20casi%20-%20e%20ricoveri%2011.06%20ore%208.00%20(1).pdf?mobile_stay=1
20200610,2,https://www.ilgiornaledivicenza.it/filedelivery/policy:7.2818064:1591810260/Aggiornamento%20casi%20-%20e%20ricoveri%2010.06%20ore17.00..pdf?mobile_stay=1
20200610,1,https://www.ilgiornaledivicenza.it/filedelivery/policy:7.2817734:1591790741/Aggiornamento%20casi%20-%20e%20ricoveri%2010.06%20ore%2017.00%20(1).pdf?mobile_stay=1
20200609,2,https://www.ilgiornaledivicenza.it/filedelivery/policy:7.2816887:1591719958/Aggiornamento%20casi%20-%20e%20ricoveri%2009.06%20ore%2017.00.pdf?mobile_stay=1
20200609,1,https://www.ilgiornaledivicenza.it/filedelivery/policy:7.2816668:1591709544/aggiornamento%20casi%20-%20e%20ricoverati%2009.06%20ore%208.00.pdf?mobile_stay=1
20200608,2,https://www.ilgiornaledivicenza.it/filedelivery/policy:7.2815797:1591633337/Aggiornamento%20casi%20-%20e%20ricoveri%2008.06%20ore%2017.00%20(1).pdf?mobile_stay=1
20200608,1,https://www.ilgiornaledivicenza.it/filedelivery/policy:7.2815514:1591619370/Aggiornamento%20casi%20-%20e%20ricoveri%2008.06%20ore%208.00.pdf.pdf?mobile_stay=1
20200607,2,https://www.ilgiornaledivicenza.it/filedelivery/policy:7.2814838:1591548393/aggiornamento%20casi%20-%20e%20ricoverati%2007.06%20ore%2017.00%20(1).pdf?mobile_stay=1
20200607,1,https://www.ilgiornaledivicenza.it/filedelivery/policy:7.2814656:1591536305/aggiornamento%20casi%20-%20ricoverati%2007.06%20ore%208.00.pdf?mobile_stay=1
20200606,1,https://www.ilgiornaledivicenza.it/filedelivery/policy:7.2813852:1591442330/aggiornamento%20casi%20-%2006.06%20ore%208.00.pdf?mobile_stay=1
20200605,1,https://www.ilgiornaledivicenza.it/filedelivery/policy:7.2813150:1591368460/Aggiornamento%20casi%20-%20e%20ricoveri%2005.06%20ore%208.00.pdf?mobile_stay=1
20200604,1,https://www.ilgiornaledivicenza.it/filedelivery/policy:7.2811736:1591274905/Aggiornamento%20casi%20-%20e%20ricoveri%2004.06%20ore%208.00.pdf?mobile_stay=1
20200603,1,https://www.ilgiornaledivicenza.it/filedelivery/policy:7.2810604:1591184599/Aggiornamento%20casi%20-%20e%20ricoveri%2003.06%20ore%208.00.pdf?mobile_stay=1
20200602,1,https://www.ilgiornaledivicenza.it/filedelivery/policy:7.2809425:1591094942/aggiornamento%20casi%20-%20ricoverati%2002.06%20ore%208.00.pdf?mobile_stay=1
20200601,1,https://www.ilgiornaledivicenza.it/filedelivery/policy:7.2808463:1591012876/Aggiornamento%20casi%20-%20e%20ricoveri%2001.06%20ore%208.00.pdf.pdf?mobile_stay=1
20200531,1,https://www.ilgiornaledivicenza.it/filedelivery/policy:7.2807584:1590925481/Aggiornamento%20casi%20-%20e%20ricoveri%2031.05%20ore%208.00.pdf?mobile_stay=1
20200530,1,https://www.ilgiornaledivicenza.it/filedelivery/policy:7.2806915:1590843838/Aggiornamento%20casi%20-%20e%20ricoveri%2030.05%20ore%208.00.pdf?mobile_stay=1
20200529,1,https://www.ilgiornaledivicenza.it/filedelivery/policy:7.2805706:1590751803/Aggiornamento%20casi%20-%20e%20ricoveri%2029.05%20ore%208.00.pdf?mobile_stay=1
20200528,1,https://www.ilgiornaledivicenza.it/filedelivery/policy:7.2804434:1590664604/Aggiornamento%20casi%20-%20e%20ricoveri%2028.05%20ore%208.00.pdf?mobile_stay=1
20200527,1,https://www.ilgiornaledivicenza.it/filedelivery/policy:7.2802997:1590578685/aggiornamento%20casi%20-%20e%20ricoveri%2027%2005%202020%20ore%208.00.pdf?mobile_stay=1
20200526,1,https://www.ilgiornaledivicenza.it/filedelivery/policy:7.2801624:1590491068/Aggiornamento%20casi%20-%20e%20ricoveri%2026.05%20ore%208.00.pdf?mobile_stay=1
20200525,1,https://www.ilgiornaledivicenza.it/filedelivery/policy:7.2800449:1590405034/Aggiornamento%20casi%20-%20e%20ricoveri%2025.05%20ore%208.00%20(1).pdf?mobile_stay=1
20200524,1,https://www.ilgiornaledivicenza.it/filedelivery/policy:7.2799636:1590320710/Aggiornamento%20casi%20-%20e%20ricoveri%2024.05%20ore%208.00.pdf?mobile_stay=1
20200523,1,https://www.ilgiornaledivicenza.it/filedelivery/policy:7.2798750:1590234823/Aggiornamento%20casi%20-%20e%20ricoveri%2023.05%20ore%208.00.pdf?mobile_stay=1
20200522,1,https://www.ilgiornaledivicenza.it/filedelivery/policy:7.2797454:1590144544/Aggiornamento%20casi%20-%20e%20ricoveri%2022.05%20ore%208.00.pdf
20200521,1,https://www.ilgiornaledivicenza.it/filedelivery/policy:7.2796246:1590060169/aggiornamento%20casi%20-%20e%20ricoveri%2021.05%20ore%208.00.pdf?mobile_stay=1
20200520,1,https://www.ilgiornaledivicenza.it/filedelivery/policy:7.2795174:1589974411/aggiornamento%20casi%20-%20e%20ricoveri%2020.05%20ore%208.00.pdf?mobile_stay=1
20200519,1,https://www.ilgiornaledivicenza.it/filedelivery/policy:7.2793987:1589887169/Aggiornamento%20casi%20-%20e%20ricoveri%2019.05%20ore%208.00.pdf?mobile_stay=1
20200518,1,https://www.ilgiornaledivicenza.it/filedelivery/policy:7.2792640:1589800918/Aggiornamento%20casi%20-%20e%20ricoveri%2018.05%20ore%208.00.pdf?mobile_stay=1
20200517,1,https://www.ilgiornaledivicenza.it/filedelivery/policy:7.2791608:1589715600/Aggiornamento%20casi%20-%20e%20ricoveri%2017.05%20ore%208.00.pdf?mobile_stay=1
20200516,1,https://www.ilgiornaledivicenza.it/filedelivery/policy:7.2791226:1589628370/Aggiornamento%20casi%20-%20e%20ricoveri%2016.05%20ore%208.00.pdf?mobile_stay=1
20200515,1,https://www.ilgiornaledivicenza.it/filedelivery/policy:7.2791064:1589541743/Aggiornamento%20casi%20-%20e%20ricoveri%2015.05%20ore%208.00.pdf?mobile_stay=1
20200514,1,https://www.ilgiornaledivicenza.it/filedelivery/policy:7.2790687:1589454673/Oggi.pdf?mobile_stay=1
20200513,1,https://www.ilgiornaledivicenza.it/filedelivery/policy:7.2789644:1589368121/aggiornamento%20casi%20-%20%20e%20ricoveri%2013.05%20ore%208.00.pdf?mobile_stay=1
20200512,1,https://www.ilgiornaledivicenza.it/filedelivery/policy:7.2788616:1589288576/aggiornamento%20casi%20-%20%20e%20ricoveri%2012.05%20ore%208.00.pdf?mobile_stay=1
20200511,1,https://www.ilgiornaledivicenza.it/filedelivery/policy:7.2787385:1589196035/aggiornamento%20casi%20-%20%20e%20ricoveri%2011.05%20ore%208.00.pdf?mobile_stay=1
20200510,1,https://www.ilgiornaledivicenza.it/filedelivery/policy:7.2786428:1589112699/aggiornamento%20casi%20-%20%20e%20ricoveri%2010.05%20ore%208.00.pdf?mobile_stay=1
20200509,1,https://www.ilgiornaledivicenza.it/filedelivery/policy:7.2785501:1589021962/aggiornamento%20casi%209.5%20ore%208.00%20VERSIONE%203.pdf?mobile_stay=1
20200508,1,https://www.ilgiornaledivicenza.it/filedelivery/policy:7.2784292:1588935839/aggiornamento%20casi%20-%208.5%20con%20spiegazione%20negativizzati.pdf?mobile_stay=1
20200507,1,https://www.ilgiornaledivicenza.it/filedelivery/policy:7.2783141:1588853145/aggiornamento%20casi%20-%20%20e%20ricoveri%2007.05%20ore%208.00.pdf?mobile_stay=1
20200506,1,https://www.ilgiornaledivicenza.it/filedelivery/policy:7.2781872:1588762347/aggiornamento%20casi%20-%20%20e%20ricoveri%2006.05%20ore%208.00.pdf?mobile_stay=1
20200505,1,https://www.ilgiornaledivicenza.it/filedelivery/policy:7.2780680:1588677512/aggiornamento%20casi%20-%20%20e%20ricoveri%2005.05%20ore%208.00.pdf?mobile_stay=1
20200504,1,https://www.ilgiornaledivicenza.it/filedelivery/policy:7.2779280:1588591176/aggiornamento%20casi%20-%20%20e%20ricoveri%2004.05%20ore%208.00.pdf?mobile_stay=1
20200503,1,https://www.ilgiornaledivicenza.it/filedelivery/policy:7.2778203:1588504763/aggiornamento%20casi%20-%20%20e%20ricoveri%2003.05%20ore%2010.00.pdf?mobile_stay=1
20200502,1,https://www.ilgiornaledivicenza.it/filedelivery/policy:7.2777471:1588418965/aggiornamento%20casi%20-%20%20e%20ricoveri%2002.05%20BIS%20ore%2011.00.pdf?mobile_stay=1
20200501,1,https://www.ilgiornaledivicenza.it/filedelivery/policy:7.2776858:1588335510/aggiornamento%20casi%20-%20%20e%20ricoveri%2001.05%20ore%208.00%20(1).pdf?mobile-stay=1
20200430,1,https://www.ilgiornaledivicenza.it/filedelivery/policy:7.2775623:1588243614/aggiornamento%20casi%20-%20%20e%20ricoveri%2030.04%20ore%208.00.pdf?mobile_stay=1
20200429,2,https://www.ilgiornaledivicenza.it/filedelivery/policy:7.2774993:1588178363/aggiornamento%20casi%20-%20%20e%20ricoveri%2029.04%20ore%2017.00%202.pdf?mobile_stay=1
20200429,1,https://www.ilgiornaledivicenza.it/filedelivery/policy:7.2774507:1588162432/aggiornamento%20casi%20-%20%20e%20ricoveri%2029.04%20ore%208.00%20(1).pdf?mobile_stay=1
20200428,1,https://www.ilgiornaledivicenza.it/filedelivery/policy:7.2773135:1588072948/aggiornamento%20casi%20-%20%20e%20ricoveri%2028.04%20ore%208.00.pdf?mobile_stay=1
20200427,1,https://www.ilgiornaledivicenza.it/filedelivery/policy:7.2771724:1587986485/aggiornamento%20casi%20-%20%20e%20ricoveri%2027.04%20ore%208.00.pdf?mobile_stay=1
20200426,1,https://www.ilgiornaledivicenza.it/filedelivery/policy:7.2770848:1587908322/aggiornamento%20casi%20-%20%20e%20ricoveri%2026.04%20ore%208.00%20(1)%20(1).pdf?mobile_stay=1
20200425,1,https://www.ilgiornaledivicenza.it/filedelivery/policy:7.2770043:1587814224/aggiornamento%20casi%20-%20%20e%20ricoveri%2025.04%20ore%208.00%20con%20variazione%20al%2024.4%20ore%208.00.pdf?mobile_stay=1
20200424,1,https://www.ilgiornaledivicenza.it/filedelivery/policy:7.2769067:1587727933/aggiornamento%20casi%20-%20%20e%20ricoveri%2024.04%20ore%208.00.pdf
20200423,1,https://www.ilgiornaledivicenza.it/filedelivery/policy:7.2767927:1587639817/aggiornamento%20casi%20-%20%20e%20ricoveri%2023.04%20ore%208.00.pdf?mobile_stay=1
20200422,1,https://www.ilgiornaledivicenza.it/filedelivery/policy:7.2766797:1587553412/aggiornamento%20casi%20-%20%20e%20ricoveri%2022.04%20ore%208.00.pdf?mobile_stay=1
20200421,1,https://www.ilgiornaledivicenza.it/filedelivery/policy:7.2765496:1587467083/aggiornamento%20casi%20-%20%20e%20ricoveri%2021.04%20ore%208.00.pdf?mobile_stay=1
20200420,1,https://www.ilgiornaledivicenza.it/filedelivery/policy:7.2764381:1587381014/aggiornamento%20casi%20-%20%20e%20ricoveri%2020.04%20ore%208.00.pdf
20200419,1,https://www.ilgiornaledivicenza.it/filedelivery/policy:7.2763545:1587381211/aggiornamento%20casi%20-%20%20e%20ricoveri%2019.04%20ore%208.00%20(1).pdf
20200418,1,https://www.ilgiornaledivicenza.it/filedelivery/policy:7.2762740:1587208406/aggiornamento%20casi%20-%20%20e%20ricoveri%2018.04%20ore%208.00.pdf
